<?xml version="1.0" encoding="UTF-8"?>
<project-private xmlns="http://www.netbeans.org/ns/project-private/1">
    <editor-bookmarks xmlns="http://www.netbeans.org/ns/editor-bookmarks/2" lastBookmarkId="0"/>
    <open-files xmlns="http://www.netbeans.org/ns/projectui-open-files/2">
        <group>
            <file>file:/C:/Users/Admin/Dropbox%20(Old)/PC/Desktop/Review2/src/Main.java</file>
            <file>file:/C:/Users/Admin/Dropbox%20(Old)/PC/Desktop/Review2/src/Rectangle.java</file>
            <file>file:/C:/Users/Admin/Dropbox%20(Old)/PC/Desktop/Review2/src/Circle.java</file>
            <file>file:/C:/Users/Admin/Dropbox%20(Old)/PC/Desktop/Review2/src/Calculator.java</file>
            <file>file:/C:/Users/Admin/Dropbox%20(Old)/PC/Desktop/Review2/src/Shape.java</file>
            <file>file:/C:/Users/Admin/Dropbox%20(Old)/PC/Desktop/Review2/src/ITest.java</file>
            <file>file:/C:/Users/Admin/Dropbox%20(Old)/PC/Desktop/Review2/src/Review2.java</file>
        </group>
    </open-files>
</project-private>
